sample_index,P,K,Mg,pH
0,68.3980712890625,224.61143493652344,169.50970458984375,7.005970478057861
1,68.5765380859375,228.31072998046875,172.0121307373047,7.018211364746094
2,68.29141235351562,226.3365478515625,171.49913024902344,7.001802921295166
3,68.15755462646484,228.53726196289062,174.1873779296875,6.9962944984436035
4,68.60099029541016,230.23385620117188,173.24441528320312,7.020438194274902
5,68.29829406738281,223.2144775390625,168.47763061523438,7.001291275024414
6,68.24571990966797,223.69564819335938,169.1734161376953,6.999164581298828
7,68.06906127929688,230.3524932861328,176.20338439941406,6.983673572540283
8,68.6243667602539,233.64222717285156,175.21339416503906,7.0224175453186035
9,68.66011047363281,232.2372283935547,174.2775421142578,7.022996425628662
10,68.53965759277344,228.91329956054688,172.5746612548828,7.01750373840332
11,68.41696166992188,225.82691955566406,170.64834594726562,7.008078575134277
12,68.29462432861328,223.45030212402344,168.6834716796875,7.000896453857422
13,68.5107421875,227.45458984375,171.54385375976562,7.014530658721924
14,68.38493347167969,226.17916870117188,170.99688720703125,7.007723808288574
15,68.471923828125,227.15281677246094,171.43060302734375,7.012402534484863
16,68.204833984375,224.4237060546875,170.0609130859375,6.99620246887207
17,69.13623809814453,235.14813232421875,175.87777709960938,6.968657970428467
18,68.2522964477539,222.67678833007812,167.8318328857422,6.998233795166016
19,68.48004913330078,227.63613891601562,171.7941131591797,7.01342248916626
20,68.25787353515625,224.37217712402344,169.90158081054688,6.99954080581665
21,68.36431884765625,224.9794921875,170.0579071044922,7.004839897155762
22,68.17021942138672,224.0792694091797,169.91571044921875,6.994448661804199
23,68.35543823242188,225.28578186035156,170.32363891601562,7.0053558349609375
24,68.55116271972656,233.12994384765625,175.17430114746094,7.018746376037598
25,68.61432647705078,234.7395782470703,175.6649932861328,7.019898414611816
26,68.27635192871094,223.89158630371094,169.32887268066406,7.000671863555908
27,68.5079345703125,228.1416778564453,172.06727600097656,7.0150909423828125
28,68.27474212646484,224.46224975585938,169.79624938964844,7.001047611236572
29,68.55024719238281,227.7649383544922,171.5726318359375,7.015504360198975
30,68.55924987792969,230.20458984375,173.3725128173828,7.018943786621094
31,68.62972259521484,232.6003875732422,174.64596557617188,7.022635459899902
32,68.02607727050781,221.09622192382812,166.81539916992188,6.985513210296631
33,68.38169860839844,227.3671875,172.62315368652344,7.009260654449463
34,68.43034362792969,225.0973663330078,169.83514404296875,7.007499694824219
35,68.32776641845703,225.05267333984375,170.24766540527344,7.0035834312438965
36,68.13182830810547,228.72817993164062,174.2734375,6.992308139801025
37,68.36723327636719,225.3407440185547,170.35667419433594,7.005638122558594
38,68.3408432006836,224.61122131347656,169.79598999023438,7.004204273223877
39,68.58963012695312,229.19387817382812,172.56704711914062,7.019885063171387
40,68.67646026611328,236.08749389648438,176.08514404296875,7.023558139801025
41,68.44451904296875,226.57583618164062,171.10130310058594,7.010321617126465
42,68.43203735351562,226.36785888671875,171.03472900390625,7.009504318237305
43,68.59115600585938,230.68569946289062,173.5476531982422,7.019718647003174
44,67.98204040527344,220.32608032226562,166.03106689453125,6.980456352233887
45,68.04554748535156,221.35525512695312,167.08963012695312,6.9875030517578125
46,68.3929443359375,224.7767791748047,169.70755004882812,7.005841255187988
47,68.58576965332031,230.18243408203125,173.25115966796875,7.019434452056885
48,68.2025146484375,223.59439086914062,169.08421325683594,6.997268199920654
49,68.56011962890625,229.07310485839844,172.57373046875,7.018167018890381
50,68.53074645996094,228.9929962158203,172.7184600830078,7.0165910720825195
51,68.2832260131836,225.55148315429688,170.95973205566406,7.001834869384766
52,68.52526092529297,228.16830444335938,172.0303955078125,7.015740871429443
53,68.33000183105469,225.79745483398438,170.8181610107422,7.004313945770264
54,68.19817352294922,223.2257843017578,168.67752075195312,6.996541976928711
55,68.54900360107422,229.12973022460938,172.6521453857422,7.017598628997803
56,68.55039978027344,229.54632568359375,172.93148803710938,7.017950057983398
57,68.53656005859375,228.2707061767578,172.14259338378906,7.016059398651123
58,68.59136962890625,229.12220764160156,172.47413635253906,7.01919412612915
59,68.57254791259766,228.76229858398438,172.32098388671875,7.018548011779785
60,69.97134399414062,241.7152099609375,177.38455200195312,6.972741603851318
61,68.57844543457031,228.49429321289062,172.12625122070312,7.01847505569458
62,68.34971618652344,225.35963439941406,170.44293212890625,7.005103588104248
63,68.30043029785156,224.61402893066406,169.95761108398438,7.001646995544434
64,68.61990356445312,230.29791259765625,173.24380493164062,7.0215535163879395
65,68.18803405761719,223.57876586914062,169.150146484375,6.996257305145264
66,68.31572723388672,224.90777587890625,170.0986328125,7.003358840942383
67,68.26718139648438,229.35841369628906,173.9480438232422,7.001494884490967
68,70.0114517211914,242.0961151123047,177.41204833984375,6.97445011138916
69,68.27798461914062,222.77281188964844,167.86705017089844,6.999361991882324
70,68.2110824584961,224.20887756347656,169.6297607421875,6.997577667236328
71,68.25349426269531,223.99172973632812,169.49412536621094,6.999470233917236
72,68.33454895019531,223.52108764648438,168.59437561035156,7.00255823135376
73,68.34339904785156,223.8231201171875,168.89117431640625,7.003650188446045
74,68.43891906738281,225.673095703125,170.29327392578125,7.0085129737854
75,68.63949584960938,228.36343383789062,171.70018005371094,7.0201616287231445
76,68.57381439208984,226.30288696289062,170.2799835205078,7.014077663421631
77,68.54183197021484,228.38925170898438,172.14947509765625,7.016791820526123
78,68.58252716064453,224.92050170898438,168.93617248535156,7.012749195098877
79,68.50890350341797,227.3018341064453,171.44630432128906,7.014082908630371
80,68.62798309326172,230.1562042236328,173.08917236328125,7.021522045135498
81,68.27729797363281,224.08544921875,169.40093994140625,7.001209735870361
82,68.56686401367188,229.05645751953125,172.5506591796875,7.018505573272705
83,68.44213104248047,226.32672119140625,170.911865234375,7.00974702835083
84,68.57794189453125,229.70912170410156,172.94961547851562,7.01914119720459
85,68.60575866699219,227.04090881347656,170.7069091796875,7.01670503616333
86,68.49119567871094,227.0736846923828,171.32545471191406,7.013117790222168
87,68.18560791015625,222.22105407714844,167.64370727539062,6.994936466217041
88,68.44783020019531,226.67788696289062,171.16754150390625,7.010560035705566
89,68.41939544677734,226.5558319091797,171.24537658691406,7.008682727813721
90,68.23213195800781,225.04136657714844,170.67076110839844,6.999017715454102
91,68.59534454345703,234.44644165039062,175.63333129882812,7.019702911376953
92,68.05706787109375,221.53965759277344,167.2349853515625,6.988380432128906
93,68.55049896240234,228.21774291992188,171.98486328125,7.016958713531494
94,68.30259704589844,227.68771362304688,172.9768829345703,7.003532409667969
95,68.5989990234375,229.78477478027344,172.93540954589844,7.020169258117676
96,68.30777740478516,224.8637237548828,170.11070251464844,7.002806186676025
97,68.2069091796875,222.71739196777344,168.20660400390625,6.996438026428223
98,68.44794464111328,226.70176696777344,171.17483520507812,7.010563850402832
99,68.2912826538086,224.50335693359375,169.8712921142578,7.001648426055908
100,68.43927001953125,226.7179412841797,171.28875732421875,7.009185314178467
101,68.5921630859375,228.3678436279297,171.8966827392578,7.018085479736328
102,68.20516967773438,223.2174530029297,168.73074340820312,6.99705696105957
103,68.30537414550781,224.6599578857422,169.8858184814453,7.002723217010498
104,68.2677230834961,224.2867431640625,169.66612243652344,7.000459671020508
105,68.553466796875,232.76223754882812,175.16700744628906,7.0208048820495605
106,68.3949203491211,224.50714111328125,169.44290161132812,7.00596284866333
107,68.52449798583984,227.4238739013672,171.49937438964844,7.014883518218994
108,68.55654907226562,229.43179321289062,172.92994689941406,7.018535137176514
109,68.37329864501953,225.39767456054688,170.3967742919922,7.005959987640381
110,68.27484893798828,228.7104034423828,173.4134521484375,7.001369476318359
111,68.25888061523438,224.0865478515625,169.4658966064453,7.000321388244629
112,68.50285339355469,228.16253662109375,172.1046905517578,7.014833450317383
113,67.99269104003906,220.7681121826172,166.5305938720703,6.983463287353516
114,68.63510131835938,229.67457580566406,172.7432403564453,7.021755695343018
115,68.5118408203125,227.63803100585938,171.75363159179688,7.014082431793213
116,68.57515716552734,226.2255401611328,170.17984008789062,7.013918399810791
117,67.99688720703125,221.10891723632812,166.9775848388672,6.984747409820557
118,68.61884307861328,231.12716674804688,173.76287841796875,7.0211615562438965
119,68.47256469726562,227.2648162841797,171.5326690673828,7.012209415435791
120,68.60399627685547,230.0103302001953,173.085205078125,7.020499229431152
121,68.678466796875,232.58631896972656,174.4052734375,7.0238494873046875
122,68.36222076416016,225.6177978515625,170.5815887451172,7.005892753601074
123,68.41984558105469,226.1941680908203,170.8523712158203,7.0088300704956055
124,68.3927230834961,224.03897094726562,168.87242126464844,7.006005764007568
125,68.19734191894531,223.24525451660156,168.74920654296875,6.996880531311035
126,68.05760192871094,221.14459228515625,166.7828369140625,6.987223148345947
127,68.55945587158203,228.135498046875,171.9315643310547,7.016944885253906
128,68.24113464355469,224.18603515625,169.64068603515625,6.998995780944824
129,68.36204528808594,225.83981323242188,170.74945068359375,7.006141662597656
130,68.50857543945312,227.49388122558594,171.6041259765625,7.014513969421387
131,68.50605010986328,228.2005615234375,172.13296508789062,7.014974594116211
132,68.52980041503906,227.91513061523438,171.84976196289062,7.016030311584473
133,68.0575180053711,221.81761169433594,167.57302856445312,6.9887166023254395
134,68.40524291992188,227.1522674560547,171.78384399414062,7.008607864379883
135,68.41050720214844,232.05372619628906,175.30899047851562,7.012908935546875
136,68.52105712890625,228.02700805664062,171.9237823486328,7.015007495880127
137,68.31974792480469,225.52728271484375,170.59141540527344,7.003903388977051
138,68.66718292236328,229.7754364013672,172.7504119873047,7.023316383361816
139,68.57413482666016,228.2917022705078,171.93658447265625,7.017855167388916
140,68.22389221191406,229.91539001464844,174.62530517578125,6.999547004699707
141,68.60179138183594,232.97628784179688,174.85494995117188,7.0200018882751465
142,68.5645523071289,229.70867919921875,173.01132202148438,7.018696308135986
143,68.28919219970703,228.23226928710938,173.0833282470703,7.003453254699707
144,68.61546325683594,232.23983764648438,174.47091674804688,7.021743297576904
145,68.56217956542969,228.36520385742188,172.05319213867188,7.01762580871582
146,68.16738891601562,223.18280029296875,168.7936553955078,6.995219707489014
147,68.59738159179688,229.730712890625,172.93850708007812,7.020590782165527
148,68.48181915283203,228.0784454345703,172.2113494873047,7.01378059387207
149,68.46696472167969,227.80978393554688,171.95919799804688,7.01254940032959
150,68.63361358642578,230.8585205078125,173.52963256835938,7.021774768829346
151,68.51885223388672,227.6351776123047,171.6681671142578,7.015080451965332
152,68.37376403808594,225.53115844726562,170.50070190429688,7.006087779998779
153,68.26134490966797,224.88865661621094,170.4311981201172,6.999726295471191
154,68.30499267578125,224.86695861816406,170.0383758544922,7.002925872802734
155,68.5159683227539,228.0491180419922,171.9800567626953,7.015311241149902
156,68.34160614013672,225.9708251953125,170.93209838867188,7.005440711975098
157,68.19864654541016,222.1555938720703,167.56968688964844,6.995378494262695
158,68.3540267944336,225.70033264160156,170.66116333007812,7.005629062652588
159,68.44434356689453,226.593994140625,171.16238403320312,7.0105180740356445
160,68.49578857421875,224.82408142089844,169.22177124023438,7.0097856521606445
161,68.55724334716797,228.46395874023438,172.1434326171875,7.017341136932373
162,68.46887969970703,227.1729278564453,171.46969604492188,7.01234245300293
163,68.43761444091797,226.50265502929688,171.0548858642578,7.009993553161621
164,68.2239990234375,223.6241455078125,169.1207275390625,6.998167514801025
165,68.65221405029297,233.70706176757812,175.0843505859375,7.0225300788879395
166,68.46703338623047,225.1621551513672,169.7310791015625,7.008914470672607
167,67.93321228027344,220.0050048828125,165.72296142578125,6.976957321166992
168,68.32902526855469,225.161865234375,170.26559448242188,7.004176616668701
169,68.2657470703125,222.05471801757812,167.1008758544922,6.995593070983887
170,68.26429748535156,223.87571716308594,169.34095764160156,6.999999046325684
171,68.19296264648438,223.2099609375,168.72666931152344,6.996465682983398
172,68.46724700927734,226.7845458984375,171.1647491455078,7.01176643371582
173,68.62676239013672,232.29013061523438,174.43658447265625,7.021759510040283
174,69.06856536865234,235.942626953125,176.5493927001953,6.971620559692383
175,68.64351654052734,232.5885009765625,174.548828125,7.0229268074035645
176,68.61910247802734,231.08680725097656,173.73487854003906,7.021373748779297
177,68.30874633789062,223.86318969726562,169.13104248046875,7.0020647048950195
178,68.35928344726562,224.7911834716797,169.8141632080078,7.004900932312012
179,68.37651824951172,224.2884521484375,169.2397918701172,7.005009651184082
180,68.6249771118164,230.5774688720703,173.41236877441406,7.0218939781188965
181,68.41400146484375,225.79470825195312,170.6310577392578,7.008054256439209
182,68.36573791503906,225.33834838867188,170.34906005859375,7.0057573318481445
183,68.6602554321289,231.05340576171875,173.57666015625,7.023077964782715
184,68.55430603027344,228.948486328125,172.51856994628906,7.0178961753845215
185,68.54833221435547,232.2720947265625,175.80300903320312,6.972259998321533
186,68.5203628540039,227.61221313476562,171.64315795898438,7.014854431152344
187,68.65296173095703,228.9185791015625,172.18203735351562,7.021775245666504
188,68.33369445800781,224.66712951660156,169.83139038085938,7.003728866577148
189,68.55101013183594,225.55453491210938,169.68482971191406,7.0122857093811035
190,68.12928009033203,222.01498413085938,167.5467987060547,6.992463111877441
191,68.34394836425781,225.81309509277344,170.8250732421875,7.004880905151367
192,68.54914855957031,231.1125946044922,174.0424346923828,7.019280910491943
193,68.56886291503906,228.76905822753906,172.33827209472656,7.018702030181885
194,68.65362548828125,232.69857788085938,174.52027893066406,7.0221076011657715
195,68.44509887695312,226.31031799316406,170.91912841796875,7.009776592254639
196,68.42631530761719,227.51792907714844,171.9962921142578,7.010429382324219
197,68.23529815673828,223.87989807128906,169.23175048828125,6.9990339279174805
198,68.37960815429688,224.23756408691406,169.19381713867188,7.004877090454102
199,68.56462097167969,226.54010009765625,170.52633666992188,7.014219284057617
200,68.42160034179688,226.40576171875,171.0434112548828,7.009387016296387
201,68.318359375,225.04281616210938,170.15243530273438,7.003632068634033
202,68.2019271850586,223.38003540039062,168.96835327148438,6.996880054473877
203,68.61624145507812,232.39971923828125,174.50814819335938,7.02089262008667
204,69.63449096679688,238.43470764160156,176.75379943847656,6.972147464752197
205,68.39549255371094,224.39064025878906,169.29290771484375,7.005690097808838
206,68.61769104003906,234.11485290527344,176.7573699951172,6.974246978759766
207,68.5499267578125,226.76068115234375,170.6593475341797,7.013975143432617
208,68.13558197021484,222.4761505126953,168.2311248779297,6.993001461029053
209,68.51961517333984,235.0078582763672,176.25390625,7.016324043273926
210,68.32211303710938,224.82386779785156,170.0269775390625,7.003538131713867
211,68.58351135253906,226.07565307617188,169.99563598632812,7.0143046379089355
212,68.36284637451172,224.61807250976562,169.53897094726562,7.0047760009765625
213,68.49449157714844,227.30697631835938,171.48670959472656,7.013313293457031
214,68.38813018798828,224.74505615234375,169.64059448242188,7.006259918212891
215,68.57210540771484,229.30035400390625,172.73204040527344,7.019461154937744
216,68.56043243408203,228.6901092529297,172.35972595214844,7.018195629119873
217,68.45845794677734,226.9913787841797,171.39732360839844,7.011717319488525
218,68.02763366699219,220.51055908203125,166.12496948242188,6.982571125030518
219,68.23516845703125,223.98562622070312,169.3181915283203,6.998988628387451
220,68.3635482788086,228.86459350585938,173.24957275390625,7.008310794830322
221,68.5137710571289,227.97657775878906,171.93463134765625,7.014925003051758
222,68.2284927368164,223.35328674316406,168.7332305908203,6.998455047607422
223,68.52271270751953,227.42027282714844,171.5257110595703,7.014932632446289
224,68.49820709228516,227.6394500732422,171.75015258789062,7.014028072357178
225,68.25945281982422,224.38992309570312,169.67413330078125,7.0002570152282715
226,68.41693115234375,226.20751953125,170.892822265625,7.008681774139404
227,68.55276489257812,228.4241485595703,172.14939880371094,7.017524719238281
228,68.31848907470703,228.86572265625,173.3911895751953,7.004863262176514
229,68.05815887451172,221.57330322265625,167.25474548339844,6.988121509552002
230,68.26025390625,224.1985321044922,169.56512451171875,7.0003981590271
231,68.53645324707031,227.84613037109375,171.7982177734375,7.015870571136475
232,68.29928588867188,223.92239379882812,169.04833984375,7.002133369445801
233,68.10619354248047,221.84759521484375,167.64756774902344,6.991106986999512
234,68.6150131225586,231.10787963867188,173.77049255371094,7.0211405754089355
235,68.0947036743164,222.13206481933594,167.7806854248047,6.99078893661499
236,68.35417175292969,225.94796752929688,170.97305297851562,7.004798412322998
237,68.34114074707031,225.91268920898438,170.8667449951172,7.005115032196045
238,68.50521087646484,228.06195068359375,172.016845703125,7.014781475067139
239,68.57889556884766,229.57675170898438,172.86660766601562,7.01955509185791
240,68.34385681152344,225.06491088867188,170.13218688964844,7.004508018493652
241,68.23704528808594,224.00466918945312,169.3406524658203,6.999019145965576
242,68.67168426513672,229.96116638183594,172.8026580810547,7.023224830627441
243,68.52874755859375,227.82730102539062,171.7740478515625,7.015748977661133
244,68.58101654052734,234.94691467285156,175.90098571777344,7.018744468688965
245,68.56710815429688,229.16773986816406,172.63055419921875,7.018576145172119
246,68.7598876953125,231.839599609375,173.64663696289062,7.027949810028076
247,68.36430358886719,225.38958740234375,170.42445373535156,7.005636215209961
248,69.75,237.05319213867188,175.76513671875,6.975646495819092
249,68.0953598022461,221.0769500732422,166.60610961914062,6.987627983093262
250,68.4375991821289,225.1337432861328,169.86422729492188,7.007802486419678
251,68.5687255859375,228.47679138183594,172.0924835205078,7.017798900604248
252,68.4493637084961,228.4490203857422,172.62594604492188,7.013080596923828
253,68.3382797241211,224.76759338378906,169.96490478515625,7.003845691680908
254,68.08059692382812,221.87754821777344,167.62681579589844,6.990106582641602
255,68.31889343261719,223.2056121826172,168.40220642089844,7.001413345336914
256,68.3134536743164,223.93873596191406,169.12831115722656,7.0029215812683105
257,67.97481536865234,220.18112182617188,165.72145080566406,6.978589057922363
258,68.19345092773438,223.7808074951172,169.35916137695312,6.996389865875244
259,68.3040771484375,225.06597900390625,170.35092163085938,7.002334117889404
260,68.07958984375,222.00714111328125,167.65513610839844,6.989257335662842
261,68.587158203125,229.48095703125,172.7845916748047,7.0199384689331055
262,68.58187103271484,229.1058807373047,172.52944946289062,7.019176483154297
263,68.39093017578125,225.6961212158203,170.5811004638672,7.006970405578613
264,68.43173217773438,228.1742401123047,172.8174285888672,7.013240814208984
265,68.4890365600586,226.0258331298828,170.37599182128906,7.0105485916137695
266,68.38106536865234,224.50608825683594,169.49215698242188,7.005406856536865
267,68.5818099975586,229.67770385742188,172.96914672851562,7.01990270614624
268,68.34706115722656,224.9957733154297,170.1363525390625,7.0047101974487305
269,68.537353515625,228.24887084960938,172.07655334472656,7.016523838043213
270,68.51795959472656,227.3760223388672,171.4381866455078,7.0142502784729
271,68.02337646484375,221.2591552734375,167.0006866455078,6.986090660095215
272,68.165771484375,222.24032592773438,167.64646911621094,6.994250774383545
273,68.53073120117188,226.1889190673828,170.3639373779297,7.012199401855469
274,68.30719757080078,223.24118041992188,168.37059020996094,7.001206398010254
275,68.30476379394531,224.46534729003906,169.81393432617188,7.00209903717041
276,68.47423553466797,227.6022491455078,171.8262176513672,7.013458251953125
277,68.1518325805664,226.76907348632812,173.4543914794922,6.987396717071533
278,68.34200286865234,225.33998107910156,170.4654998779297,7.004138946533203
279,68.44852447509766,226.84347534179688,171.3014373779297,7.010885715484619
280,68.34500122070312,225.69435119628906,170.6931610107422,7.005049705505371
281,68.68412017822266,233.6143798828125,174.92245483398438,7.023972034454346
282,68.42745971679688,225.87168884277344,170.57827758789062,7.00894832611084
283,68.31737518310547,224.77481079101562,169.96951293945312,7.003284931182861
284,68.54730224609375,228.7948760986328,172.43234252929688,7.017784118652344
285,68.49284362792969,226.77279663085938,171.13844299316406,7.011654853820801
286,68.32012176513672,225.05674743652344,170.2274932861328,7.003437042236328
287,68.22389221191406,223.42550659179688,169.03323364257812,6.997626304626465
288,68.1208267211914,222.47177124023438,168.05824279785156,6.992546558380127
289,68.36801147460938,225.14027404785156,170.21810913085938,7.005374908447266
290,68.51737213134766,227.77587890625,171.7754669189453,7.014973163604736
291,68.61776733398438,229.8603973388672,172.93934631347656,7.021050930023193
292,68.61410522460938,230.69509887695312,173.4960174560547,7.020888328552246
293,68.5794677734375,232.9303436279297,175.10768127441406,7.021761894226074
294,68.23178100585938,222.8968505859375,168.1988983154297,6.998255729675293
295,68.56629943847656,229.21241760253906,172.7293243408203,7.019351959228516
296,68.51100158691406,227.74305725097656,171.7602996826172,7.01466178894043
297,68.3123550415039,222.6650390625,167.47645568847656,6.99849271774292
298,68.65681457519531,232.36346435546875,174.38394165039062,7.022984504699707
299,68.42508697509766,229.00570678710938,173.1409912109375,7.0121941566467285
300,68.24313354492188,224.09678649902344,169.533447265625,6.99936580657959
301,68.38402557373047,224.97804260253906,169.90695190429688,7.005756855010986
302,68.094482421875,221.9318389892578,167.56268310546875,6.990841388702393
303,68.59630584716797,230.98460388183594,173.7484130859375,7.0205254554748535
304,68.60428619384766,229.98318481445312,173.06224060058594,7.020565032958984
305,68.54107666015625,228.02952575683594,171.87564086914062,7.016441822052002
306,68.34014892578125,223.323486328125,168.37454223632812,7.002108573913574
307,68.38771057128906,224.33172607421875,169.2745819091797,7.005517959594727
308,68.27356719970703,223.81898498535156,169.26954650878906,7.0005879402160645
309,68.38374328613281,224.83677673339844,169.8376922607422,7.005776405334473
310,68.27978515625,224.0098876953125,169.44732666015625,7.000877857208252
311,68.55350494384766,228.02610778808594,171.8845977783203,7.016915321350098
312,68.5840835571289,229.170654296875,172.57916259765625,7.0192036628723145
313,68.63169860839844,231.4405975341797,173.92391967773438,7.022080898284912
314,68.60662841796875,230.48841857910156,173.39915466308594,7.020613670349121
315,68.21636962890625,229.6621551513672,174.42555236816406,6.999159812927246
316,68.23756408691406,224.23280334472656,169.57205200195312,6.9990739822387695
317,68.23149108886719,223.67138671875,169.09490966796875,6.998737812042236
318,68.40338897705078,225.65794372558594,170.5496063232422,7.007429599761963
319,68.18802642822266,230.78575134277344,175.56883239746094,6.997813701629639
320,68.55708312988281,226.68702697753906,170.71873474121094,7.014796257019043
321,68.53949737548828,229.08583068847656,172.6533660888672,7.017444610595703
322,68.277099609375,224.20599365234375,169.59690856933594,7.000897407531738
323,67.99641418457031,220.91603088378906,166.65560913085938,6.983640193939209
324,68.61581420898438,231.30853271484375,173.87815856933594,7.021004676818848
325,68.5768814086914,229.4087677001953,172.83367919921875,7.019654273986816
326,68.63617706298828,231.85572814941406,174.1309051513672,7.02164888381958
327,68.3163070678711,225.83401489257812,171.0238800048828,7.00305700302124
328,68.12350463867188,221.57046508789062,167.07911682128906,6.990856170654297
329,68.676513671875,234.9923095703125,175.57171630859375,7.023038387298584
330,68.44454193115234,223.80618286132812,168.57339477539062,7.0060319900512695
331,68.45242309570312,226.4619903564453,170.98194885253906,7.010817527770996
332,68.51844024658203,227.50938415527344,171.5427703857422,7.014483451843262
333,68.29772186279297,224.337890625,169.69515991210938,7.00198221206665
334,67.95333862304688,219.97756958007812,165.74710083007812,6.9781060218811035
335,68.14179992675781,223.1647186279297,168.80685424804688,6.992700099945068
336,68.53323364257812,228.82174682617188,172.5464630126953,7.0169172286987305
337,68.49885559082031,227.3609619140625,171.5711669921875,7.013578414916992
338,68.5479736328125,228.36492919921875,172.0940704345703,7.017059803009033
339,68.3147964477539,224.9231719970703,170.06060791015625,7.0034379959106445
340,68.31023406982422,224.21142578125,169.5455322265625,7.002406597137451
341,68.20728302001953,221.85101318359375,167.22714233398438,6.994410514831543
342,68.37313842773438,226.68447875976562,171.4215545654297,7.007749080657959
343,68.36299133300781,225.07777404785156,170.15924072265625,7.005346775054932
344,68.23567962646484,227.1844940185547,172.38636779785156,6.998757839202881
345,68.57608032226562,228.81370544433594,172.38792419433594,7.018608093261719
346,68.73155975341797,231.40011596679688,173.51393127441406,7.0264739990234375
347,68.51020812988281,226.41693115234375,170.7017822265625,7.011728763580322
348,68.57183837890625,230.38621520996094,173.45068359375,7.019506454467773
349,67.9836196899414,220.5049285888672,166.2166748046875,6.981786251068115
350,68.36833190917969,225.4158935546875,170.41639709472656,7.005950450897217
351,68.3071517944336,224.7932586669922,169.9943389892578,7.0029802322387695
352,68.22660827636719,223.87680053710938,169.2916259765625,6.998232841491699
353,68.24504089355469,223.3683624267578,168.88812255859375,6.998917579650879
354,68.09381866455078,221.77894592285156,167.5424041748047,6.990313529968262
355,68.43171691894531,224.69129943847656,169.44317626953125,7.0070576667785645
356,68.55741119384766,228.99093627929688,172.51950073242188,7.018001556396484
357,68.23271942138672,223.80819702148438,169.2601776123047,6.998610019683838
358,68.62696075439453,233.8789825439453,176.57806396484375,6.974727153778076
359,68.6104507446289,233.26699829101562,175.0369415283203,7.021433353424072
360,68.19329833984375,222.61459350585938,168.17605590820312,6.996061325073242
361,68.55948638916016,228.72891235351562,172.35670471191406,7.018203258514404
362,68.56360626220703,228.09373474121094,171.89498901367188,7.017483711242676
363,68.44824981689453,226.87342834472656,171.37826538085938,7.011056900024414
364,68.22818756103516,229.7359619140625,174.48318481445312,6.999415397644043
365,68.13644409179688,222.3251190185547,167.89535522460938,6.993127822875977
366,68.29954528808594,224.86013793945312,170.12705993652344,7.002475261688232
367,68.54171752929688,228.24697875976562,172.05685424804688,7.016725540161133
368,68.18690490722656,223.66944885253906,169.4617919921875,6.995656967163086
369,68.4189682006836,226.1090850830078,170.7922821044922,7.008646011352539
370,68.60968017578125,232.6731719970703,174.68116760253906,7.020635604858398
371,68.60420989990234,231.69378662109375,174.12905883789062,7.0202107429504395
372,68.60371398925781,232.9010772705078,174.89889526367188,7.021616458892822
373,68.05070495605469,221.44944763183594,167.16213989257812,6.987778663635254
374,68.6560287475586,231.6644287109375,173.9755401611328,7.022883892059326
375,68.10752868652344,222.11233520507812,167.76031494140625,6.991621494293213
376,68.59007263183594,230.17312622070312,173.2464141845703,7.019912242889404
377,68.54023742675781,228.27847290039062,172.0482940673828,7.016356945037842
378,68.47671508789062,225.8334503173828,170.21780395507812,7.009949207305908
379,68.59083557128906,229.28225708007812,172.67156982421875,7.020225524902344
380,68.60306549072266,230.95558166503906,173.68846130371094,7.020421981811523
381,68.4923095703125,226.9593505859375,171.29225158691406,7.012839317321777
382,68.63568878173828,230.50244140625,173.30233764648438,7.02214241027832
383,68.51554107666016,227.74172973632812,171.75119018554688,7.0152435302734375
384,68.50142669677734,227.32427978515625,171.4694366455078,7.0136027336120605
385,68.61552429199219,229.51797485351562,172.72515869140625,7.020975112915039
386,68.08954620361328,221.93190002441406,167.5954132080078,6.990342140197754
387,68.44929504394531,227.26170349121094,171.59185791015625,7.011637210845947
388,68.31987762451172,223.51512145996094,168.67910766601562,7.002484321594238
389,68.53228759765625,227.2333221435547,171.26138305664062,7.0142903327941895
390,68.19270324707031,223.2770233154297,168.77853393554688,6.996581077575684
391,68.64105987548828,231.88937377929688,174.1806182861328,7.0225830078125
392,68.146484375,227.3392333984375,173.4761199951172,6.998202800750732
393,68.25123596191406,223.82034301757812,169.3487091064453,6.99937629699707
394,68.24942779541016,222.8365936279297,168.153564453125,6.998599052429199
395,68.61058044433594,230.9748077392578,173.6811981201172,7.020803451538086
396,68.63233184814453,229.9236602783203,172.88504028320312,7.021389961242676
397,68.11811828613281,221.9910888671875,167.76756286621094,6.991781234741211
398,68.08667755126953,221.98239135742188,167.6668243408203,6.990486145019531
399,68.42228698730469,226.05316162109375,170.72723388671875,7.008966445922852
400,68.35736083984375,224.74951171875,169.81927490234375,7.004744529724121
401,68.49806213378906,227.62298583984375,171.71627807617188,7.014187335968018
402,68.54843139648438,228.0743408203125,171.89559936523438,7.016772270202637
403,68.53730010986328,228.60733032226562,172.323486328125,7.016854763031006
404,68.55121612548828,227.54083251953125,171.46261596679688,7.015951633453369
405,68.4117660522461,222.987060546875,167.66053771972656,7.001092910766602
406,68.61060333251953,228.93386840820312,172.2718048095703,7.019802093505859
407,68.36668395996094,225.52601623535156,170.50119018554688,7.005992889404297
408,68.59681701660156,229.99136352539062,173.08106994628906,7.0200371742248535
409,68.61042785644531,228.478271484375,171.91720581054688,7.019172191619873
410,68.06295776367188,221.0065155029297,166.6675262451172,6.986932754516602
411,68.31407165527344,223.6110382080078,168.78375244140625,7.0018229484558105
412,68.3519058227539,223.75962829589844,168.74803161621094,7.00370979309082
413,68.26094818115234,232.6519012451172,176.26455688476562,7.001331806182861
414,68.59932708740234,230.54908752441406,173.44090270996094,7.020270347595215
415,68.23602294921875,224.04931640625,169.51043701171875,6.998942852020264
416,68.49068450927734,228.1078338623047,172.1177215576172,7.014466285705566
417,68.21952819824219,223.4546356201172,169.02969360351562,6.997652530670166
418,68.38031005859375,224.0931396484375,168.87911987304688,7.005403518676758
419,68.29121398925781,223.95486450195312,169.3717041015625,7.001238822937012
420,68.60234832763672,232.37538146972656,174.57672119140625,7.020962238311768
421,68.49479675292969,227.0149383544922,171.19802856445312,7.012730121612549
422,68.26917266845703,227.37420654296875,172.9875030517578,7.00073766708374
423,68.40271759033203,226.3944854736328,171.09823608398438,7.008504390716553
424,68.22537231445312,223.94107055664062,169.4410400390625,6.998045444488525
425,68.56649017333984,232.74623107910156,174.89964294433594,7.01919412612915
426,68.48686981201172,225.93875122070312,170.3951416015625,7.01065731048584
427,68.62519836425781,232.21827697753906,174.37049865722656,7.021098613739014
428,68.16204071044922,222.3473663330078,168.062255859375,6.994110107421875
429,68.32321166992188,227.6412353515625,172.99745178222656,7.006682872772217
430,67.97322845458984,220.61521911621094,166.36549377441406,6.981675624847412
431,68.248291015625,228.6104278564453,173.5760955810547,7.001056671142578
432,76.844970703125,282.76324462890625,169.81430053710938,6.959327697753906
433,75.1634750366211,264.7340087890625,172.24240112304688,6.916109085083008
434,76.36814880371094,274.6412048339844,165.95558166503906,7.044119834899902
435,73.69528198242188,259.95660400390625,171.46975708007812,6.8925395011901855
436,72.85396575927734,262.72113037109375,176.9586181640625,6.850980758666992
437,73.23992919921875,261.5273742675781,173.59461975097656,6.819155216217041
438,72.22307586669922,258.8052062988281,175.8375701904297,6.846283435821533
439,73.94209289550781,268.0882568359375,174.26202392578125,6.808589935302734
440,75.05382537841797,276.0926818847656,175.84646606445312,6.810860633850098
441,73.11577606201172,262.3974609375,173.8230743408203,6.820704460144043
442,72.84733581542969,264.0786437988281,175.02780151367188,6.860728740692139
443,73.97599029541016,267.0952453613281,174.53805541992188,6.804928779602051
444,72.50995635986328,260.6578674316406,176.25967407226562,6.848433494567871
445,73.56690979003906,264.16058349609375,172.68475341796875,6.795248508453369
446,73.66980743408203,264.53265380859375,173.0109100341797,6.808732986450195
447,75.21013641357422,281.4922790527344,177.2978515625,6.798346042633057
448,73.127685546875,264.34857177734375,175.23995971679688,6.834467887878418
449,72.92337799072266,259.4969787597656,172.56549072265625,6.811127662658691
450,74.82267761230469,274.4903869628906,175.30105590820312,6.813645362854004
451,83.11604309082031,317.9561767578125,175.01217651367188,7.0404815673828125
452,72.46154022216797,261.7577819824219,176.24185180664062,6.858763694763184
453,74.91942596435547,274.92462158203125,174.87648010253906,6.806532859802246
454,72.85713195800781,261.3195495605469,173.9491424560547,6.830417633056641
455,72.85799407958984,259.9761657714844,173.5535430908203,6.820560932159424
456,73.19475555419922,262.23468017578125,172.87721252441406,6.803879261016846
457,74.21691131591797,273.3748779296875,175.98570251464844,6.803650856018066
458,74.25117492675781,269.4259948730469,174.28741455078125,6.799582481384277
459,72.30291748046875,256.25848388671875,172.0727081298828,6.816802501678467
460,73.89949035644531,266.1709899902344,173.02317810058594,6.808032989501953
461,73.10977935791016,262.1032409667969,173.7713165283203,6.830380439758301
462,72.32443237304688,258.37835693359375,174.65298461914062,6.837862968444824
463,72.13722229003906,255.0124053955078,172.18753051757812,6.816972732543945
464,73.13578796386719,260.6400146484375,172.099609375,6.799110412597656
465,73.63740539550781,268.0849914550781,177.07965087890625,6.827558517456055
466,73.02043151855469,263.0288391113281,176.023193359375,6.834347724914551
467,73.6913070678711,259.9815368652344,168.74359130859375,6.821251392364502
468,73.27272033691406,265.8016662597656,176.96527099609375,6.847740173339844
469,72.50775146484375,260.49609375,173.7181396484375,6.840219497680664
470,73.32127380371094,262.0490417480469,172.17799377441406,6.795511722564697
471,72.53514099121094,259.14959716796875,174.89329528808594,6.831164836883545
472,73.48696899414062,263.819091796875,173.68624877929688,6.799984931945801
473,73.00769805908203,259.9740295410156,172.93431091308594,6.817357540130615
474,73.34030151367188,264.5586242675781,175.673583984375,6.833549976348877
475,74.28295135498047,266.5279541015625,166.16525268554688,6.914469242095947
476,74.01133728027344,268.2011413574219,176.26763916015625,6.8291015625
477,72.38619995117188,258.9349365234375,174.53765869140625,6.850510597229004
478,73.89810180664062,265.6090087890625,172.80003356933594,6.807077884674072
479,74.84671783447266,274.65185546875,176.2996368408203,6.816102981567383
480,81.99977111816406,335.4792175292969,187.40069580078125,7.021717071533203
481,81.927490234375,317.5562744140625,171.71621704101562,7.167433738708496
482,78.65928649902344,314.3940124511719,177.37745666503906,6.91815710067749
483,74.81748962402344,273.6188659667969,173.74868774414062,6.928506851196289
484,72.47230529785156,235.39964294433594,148.21080017089844,6.844289302825928
485,70.95575714111328,241.2737579345703,156.9914093017578,6.783478260040283
486,70.9824447631836,228.2440185546875,142.35595703125,6.7631144523620605
487,73.8088150024414,238.50657653808594,142.76634216308594,6.878729820251465
488,71.03520965576172,228.69766235351562,139.71669006347656,6.7506842613220215
489,71.88114166259766,230.33213806152344,144.0932159423828,6.85572624206543
490,71.00056457519531,241.2427520751953,158.3649139404297,6.777053356170654
491,71.02722930908203,243.09356689453125,156.80990600585938,6.78962516784668
492,71.64751434326172,229.67172241210938,140.1660614013672,6.774765968322754
493,79.86359405517578,288.4337158203125,162.614013671875,7.039602279663086
494,82.42529296875,295.6537780761719,157.91261291503906,7.0676445960998535
495,69.11183166503906,234.20077514648438,162.08126831054688,6.748592376708984
496,71.07167053222656,242.324462890625,156.9688262939453,6.795865535736084
497,71.14934539794922,242.97341918945312,156.8867645263672,6.795211315155029
498,73.11158752441406,265.9600830078125,169.02944946289062,6.816732406616211
499,72.1118392944336,232.36973571777344,140.48953247070312,6.828742027282715
500,71.73848724365234,244.69171142578125,156.21910095214844,6.794638633728027
501,70.94436645507812,241.07643127441406,156.64956665039062,6.7913336753845215
502,73.15193939208984,240.033935546875,147.76536560058594,6.869129180908203
503,74.3565902709961,256.62420654296875,160.4987030029297,6.9003987312316895
504,70.9326400756836,241.71522521972656,157.16908264160156,6.770568370819092
505,72.39614868164062,251.26144409179688,158.88162231445312,6.7896857261657715
506,70.9464340209961,242.01869201660156,156.55609130859375,6.781606674194336
507,72.69292449951172,255.9969940185547,163.0359649658203,6.817233562469482
508,71.00227355957031,241.8128204345703,156.25563049316406,6.784951686859131
509,71.21870422363281,242.95765686035156,156.85354614257812,6.77704381942749
510,70.2900390625,237.45652770996094,158.79086303710938,6.761246681213379
511,80.87590026855469,282.97314453125,155.11236572265625,6.900038719177246
512,71.07152557373047,241.4998321533203,155.99948120117188,6.7808380126953125
513,71.37374114990234,244.1837921142578,156.4700469970703,6.7777910232543945
514,71.02114868164062,241.244384765625,156.47235107421875,6.796196937561035
515,74.6661148071289,244.90318298339844,148.5721435546875,6.88374137878418
516,85.79519653320312,331.18341064453125,174.49356079101562,7.034390449523926
517,71.30084991455078,243.43089294433594,156.93365478515625,6.7988762855529785
518,71.17300415039062,242.20811462402344,156.4835662841797,6.790030002593994
519,71.14022064208984,241.94630432128906,157.1759033203125,6.796682357788086
520,71.6377182006836,246.40542602539062,157.84056091308594,6.788844108581543
521,71.23099517822266,242.63038635253906,155.82667541503906,6.781454086303711
522,71.03223419189453,241.25079345703125,156.55674743652344,6.794004440307617
523,70.97587585449219,242.0994415283203,156.67340087890625,6.7818803787231445
524,71.08976745605469,242.02786254882812,156.34494018554688,6.7900543212890625
525,71.20406341552734,242.8287353515625,156.05294799804688,6.784623146057129
526,71.44595336914062,243.8640594482422,156.23013305664062,6.786554336547852
527,71.22673034667969,242.8830108642578,156.5350799560547,6.789606094360352
528,71.15400695800781,241.49343872070312,156.00892639160156,6.777369499206543
529,70.95174407958984,241.24374389648438,157.05917358398438,6.780619144439697
530,70.38715362548828,223.9363555908203,140.6724853515625,6.7535929679870605
531,71.16881561279297,242.94859313964844,156.255126953125,6.785964012145996
532,70.39160919189453,257.8855285644531,168.8323974609375,6.825356483459473
533,71.05186462402344,242.4123077392578,157.31463623046875,6.7986159324646
534,71.33818054199219,243.30926513671875,156.37448120117188,6.792013168334961
535,70.98184967041016,241.4178466796875,156.49659729003906,6.7917609214782715
536,77.1485366821289,260.08038330078125,150.14820861816406,6.944876194000244
537,71.76793670654297,228.8004608154297,142.41845703125,6.836191177368164
538,71.17298889160156,241.72744750976562,156.2427520751953,6.788377285003662
539,71.54933166503906,228.90248107910156,143.7332000732422,6.823796272277832
540,71.0860595703125,241.7298583984375,156.256591796875,6.788951396942139
541,71.04573059082031,241.47300720214844,156.6232147216797,6.790844440460205
542,72.39157104492188,252.24960327148438,159.93382263183594,6.753030776977539
543,71.67163848876953,251.8535919189453,166.60244750976562,6.869161128997803
544,71.49774169921875,244.50152587890625,155.50296020507812,6.7808732986450195
545,71.08625793457031,241.88864135742188,156.23269653320312,6.786703586578369
546,70.94904327392578,241.08241271972656,156.50503540039062,6.789514541625977
547,74.64305877685547,248.2906036376953,146.97775268554688,6.87908935546875
548,71.21268463134766,242.6368408203125,156.14700317382812,6.783535003662109
549,71.2417984008789,243.31163024902344,156.83741760253906,6.793396472930908
550,71.01133728027344,240.9340057373047,156.73818969726562,6.794013500213623
551,71.64190673828125,245.0708770751953,155.6529998779297,6.779347896575928
552,71.0291519165039,241.2701873779297,157.14700317382812,6.797493934631348
553,71.08197784423828,242.10501098632812,156.05616760253906,6.782715320587158
554,71.68085479736328,245.83192443847656,155.8663787841797,6.780160427093506
555,70.99494934082031,241.71310424804688,156.74354553222656,6.7873992919921875
556,72.40691375732422,233.2275848388672,141.85389709472656,6.8286285400390625
557,73.80644989013672,258.7812194824219,161.8650665283203,6.861730098724365
558,76.74250030517578,272.42742919921875,159.71768188476562,6.895510673522949
559,71.83592224121094,231.35665893554688,140.80775451660156,6.763751029968262
560,73.81475830078125,257.0295104980469,160.65625,6.783777236938477
561,70.67573547363281,226.96102905273438,139.35305786132812,6.737496376037598
562,70.35824584960938,224.8946990966797,138.8859405517578,6.740392208099365
563,71.50650787353516,231.51939392089844,141.66310119628906,6.768962860107422
564,71.96646881103516,233.62765502929688,143.22023010253906,6.789107799530029
565,74.438232421875,249.30918884277344,163.92259216308594,6.923091888427734
566,80.20829772949219,301.15850830078125,171.6570587158203,6.9307756423950195
567,72.446044921875,253.19056701660156,170.1575469970703,6.904503345489502
568,69.943115234375,222.52101135253906,139.6763153076172,6.718388080596924
569,70.33678436279297,223.9861297607422,139.75209045410156,6.746965408325195
570,85.92781066894531,314.12518310546875,163.658447265625,7.062201023101807
571,72.6642837524414,234.45631408691406,143.62716674804688,6.824644565582275
572,80.69537353515625,285.9462890625,158.37437438964844,6.989251613616943
573,71.76770782470703,231.42086791992188,140.60092163085938,6.757232666015625
574,70.37519073486328,223.84146118164062,141.40272521972656,6.756820201873779
575,70.26570892333984,224.22108459472656,139.55343627929688,6.740261077880859
576,70.69422912597656,227.3594512939453,139.76617431640625,6.751132488250732
577,70.15216827392578,223.30209350585938,140.4129180908203,6.742593765258789
578,70.70558166503906,226.2704315185547,139.09246826171875,6.694429397583008
579,70.39262390136719,223.73529052734375,140.20791625976562,6.759909629821777
580,72.52086639404297,233.51870727539062,142.71730041503906,6.812366485595703
581,71.58944702148438,232.11000061035156,142.10943603515625,6.7740864753723145
582,72.19359588623047,234.72451782226562,144.07862854003906,6.812789440155029
583,72.6021957397461,235.30023193359375,142.50486755371094,6.799821853637695
584,73.40516662597656,241.57675170898438,146.49278259277344,6.850379467010498
585,82.15694427490234,289.6752624511719,149.1385955810547,7.001554489135742
586,70.12498474121094,223.9099884033203,139.42539978027344,6.714966297149658
587,70.02352142333984,223.16464233398438,139.36346435546875,6.7238054275512695
588,70.01590728759766,222.81021118164062,140.18594360351562,6.729579925537109
589,70.15220642089844,223.00350952148438,140.18203735351562,6.742938995361328
590,71.9321517944336,231.40574645996094,141.30209350585938,6.7828450202941895
591,70.12895202636719,224.11949157714844,139.1821746826172,6.709224224090576
592,70.26033020019531,224.45098876953125,139.25811767578125,6.7242608070373535
593,69.95450592041016,222.46421813964844,139.7803497314453,6.729315280914307
594,74.71202850341797,278.0332946777344,175.1790008544922,6.8407392501831055
595,70.22330474853516,224.3760528564453,139.47865295410156,6.733382225036621
596,70.25818634033203,224.068603515625,139.16470336914062,6.736263275146484
597,71.54446411132812,230.7476348876953,140.87020874023438,6.769711494445801
598,70.31285858154297,224.4267578125,139.41607666015625,6.739996433258057
599,71.15977478027344,227.33062744140625,142.3174591064453,6.789127826690674
600,74.51874542236328,243.3734893798828,146.6300811767578,6.838345050811768
601,71.72715759277344,249.53955078125,170.4825897216797,6.844208717346191
602,74.21112823486328,240.89112854003906,142.25111389160156,6.873194694519043
603,80.48894500732422,288.1701965332031,160.54916381835938,7.036397933959961
604,70.24407958984375,225.02120971679688,138.8291473388672,6.7134599685668945
605,70.4229507446289,225.43174743652344,138.8291778564453,6.732295989990234
606,70.38717651367188,224.99952697753906,139.02706909179688,6.736270904541016
607,70.02456665039062,223.13449096679688,139.6772918701172,6.729545593261719
608,70.35366821289062,224.7736053466797,139.45957946777344,6.733212471008301
609,71.8602294921875,230.9511260986328,141.64076232910156,6.79101037979126
610,70.56062316894531,224.693115234375,140.93609619140625,6.765400409698486
611,70.41986846923828,223.78321838378906,140.48731994628906,6.763352394104004
612,70.605712890625,224.5260009765625,140.53485107421875,6.771891117095947
613,72.35611724853516,235.63494873046875,143.76560974121094,6.8031005859375
614,71.27586364746094,230.12777709960938,141.78599548339844,6.7761406898498535
615,72.58120727539062,236.11767578125,143.29786682128906,6.80255126953125
616,75.28267669677734,254.1501922607422,150.58372497558594,6.900970458984375
617,73.08271026611328,238.73614501953125,145.266357421875,6.831071853637695
618,72.1465072631836,234.4337158203125,144.36154174804688,6.814320087432861
619,72.64652252197266,235.51808166503906,144.64463806152344,6.839444160461426
620,75.8419189453125,258.5303649902344,155.60263061523438,6.9256062507629395
621,72.07174682617188,232.31024169921875,141.66648864746094,6.790550708770752
622,70.11487579345703,223.3649139404297,139.94241333007812,6.734751224517822
623,70.12212371826172,223.18563842773438,139.84457397460938,6.736588954925537
624,70.39380645751953,224.950439453125,139.04629516601562,6.7228312492370605
625,70.19539642333984,223.3184356689453,140.33493041992188,6.7462382316589355
626,70.11910247802734,222.5980224609375,140.7145538330078,6.742635250091553
627,77.15176391601562,265.86175537109375,154.130859375,6.951015472412109
628,69.97825622558594,223.05665588378906,139.45053100585938,6.720865726470947
629,71.71912384033203,230.7886962890625,141.71078491210938,6.792166709899902
630,70.13116455078125,223.58795166015625,139.87579345703125,6.731558799743652
631,71.35111999511719,229.80030822753906,140.8697052001953,6.773518085479736
632,70.22926330566406,223.8749542236328,140.1434783935547,6.739964008331299
633,70.20691680908203,223.2676544189453,140.68948364257812,6.745477676391602
634,70.08096313476562,223.07086181640625,140.26779174804688,6.736547470092773
635,70.354248046875,223.84498596191406,140.25872802734375,6.750894069671631
636,73.77075958251953,238.80186462402344,144.53424072265625,6.812544822692871
637,71.2413101196289,229.2687225341797,140.48641967773438,6.766557693481445
638,70.07549285888672,223.45257568359375,139.76040649414062,6.728220462799072
639,70.29459381103516,224.52906799316406,139.12986755371094,6.733613967895508
640,71.32100677490234,230.2967071533203,140.57208251953125,6.762383937835693
641,70.42291259765625,225.20848083496094,138.97756958007812,6.720953464508057
642,70.44227600097656,225.2372589111328,138.9229736328125,6.7332658767700195
643,70.12679290771484,223.96302795410156,139.54476928710938,6.700680255889893
644,70.14779663085938,223.32579040527344,139.72476196289062,6.737904071807861
645,80.05789184570312,282.8594970703125,159.25694274902344,7.017847537994385
646,70.32490539550781,224.36900329589844,139.45553588867188,6.743133068084717
647,70.4290771484375,224.92428588867188,138.93247985839844,6.726179122924805
648,70.12193298339844,223.44174194335938,139.50802612304688,6.739106178283691
649,70.2826156616211,224.6326904296875,139.53842163085938,6.723391056060791
650,70.68797302246094,226.9864044189453,138.80496215820312,6.736659526824951
651,80.8759536743164,283.6275939941406,160.86732482910156,6.924126148223877
652,72.41947937011719,254.07774353027344,165.60398864746094,6.83059549331665
653,71.06409454345703,228.1933135986328,140.24395751953125,6.77744197845459
654,78.36773681640625,270.03521728515625,159.55245971679688,6.979716777801514
655,85.38213348388672,311.3675842285156,162.8068084716797,6.961738586425781
656,72.84443664550781,236.72239685058594,145.124267578125,6.835043430328369
657,76.26628112792969,260.09619140625,153.9107208251953,6.9407548904418945
658,71.10446166992188,244.21261596679688,160.01580810546875,6.790371894836426
659,71.01250457763672,245.67384338378906,166.8376922607422,6.787087440490723
660,78.38853454589844,278.6304931640625,163.8496551513672,7.009774684906006
661,79.25175476074219,276.83514404296875,157.02268981933594,6.954049110412598
662,72.21707916259766,233.0520477294922,141.82640075683594,6.789422988891602
663,75.73542022705078,272.6201477050781,172.5183868408203,6.9209723472595215
664,72.25918579101562,250.9899139404297,172.4288330078125,6.895833969116211
665,73.21307373046875,259.8701477050781,172.82928466796875,6.8473076820373535
666,70.0634994506836,223.25450134277344,139.81129455566406,6.733366966247559
667,70.75189208984375,227.03750610351562,138.60726928710938,6.710410118103027
668,70.11600494384766,223.97610473632812,139.1781463623047,6.719949245452881
669,70.3777847290039,223.50161743164062,140.8853302001953,6.75819206237793
670,70.26213836669922,223.67474365234375,140.6555633544922,6.747922897338867
671,70.10250854492188,223.70169067382812,139.54103088378906,6.72974967956543
672,70.41956329345703,225.23507690429688,139.080810546875,6.731656551361084
673,70.58167266845703,226.03639221191406,138.49000549316406,6.717557430267334
674,70.33878326416016,223.53823852539062,140.59194946289062,6.756824493408203
675,70.22611999511719,223.56597900390625,139.95184326171875,6.745242595672607
676,70.52694702148438,226.24606323242188,138.4896697998047,6.722085475921631
677,71.2365951538086,230.3798828125,140.1110382080078,6.756804466247559
678,70.14849090576172,223.90325927734375,139.22080993652344,6.731754779815674
679,70.21166229248047,224.13795471191406,139.6454620361328,6.7393927574157715
680,81.08653259277344,290.32659912109375,158.47900390625,7.004993915557861
681,71.32878112792969,229.7742156982422,142.07383728027344,6.782657623291016
682,72.3973617553711,236.4804229736328,142.60595703125,6.770864009857178
683,71.29753875732422,230.66192626953125,141.38002014160156,6.761397838592529
684,72.7289810180664,237.92697143554688,143.429443359375,6.786192417144775
685,71.58360290527344,232.1524200439453,142.33718872070312,6.772558212280273
686,69.87088775634766,221.4275360107422,157.14935302734375,6.860086917877197
687,70.43682861328125,225.4650421142578,138.86740112304688,6.725299835205078
688,70.19898223876953,223.935791015625,139.19113159179688,6.729998588562012
689,70.53211975097656,225.802001953125,138.73431396484375,6.718176364898682
690,69.98161315917969,223.1918182373047,139.35768127441406,6.711524963378906
691,77.76189422607422,270.572265625,155.49612426757812,6.961718559265137
692,70.36861419677734,224.99179077148438,139.2423858642578,6.741219997406006
693,70.46260833740234,225.2585906982422,138.8168182373047,6.7267279624938965
694,71.78607940673828,231.28245544433594,141.44522094726562,6.780925273895264
695,70.05233764648438,223.24609375,139.64239501953125,6.730474472045898
696,70.33180236816406,224.77679443359375,138.9647216796875,6.7257161140441895
697,80.00042724609375,285.6899108886719,157.1149444580078,6.997400760650635
698,70.2408447265625,224.41384887695312,139.79248046875,6.734995365142822
699,70.45221710205078,225.31735229492188,138.92367553710938,6.732963562011719
700,71.42401885986328,230.48587036132812,141.0748291015625,6.771963596343994
701,70.11241149902344,223.58804321289062,139.58184814453125,6.730566501617432
702,70.29790496826172,224.31869506835938,139.11570739746094,6.733010292053223
703,71.51444244384766,230.2426300048828,141.18301391601562,6.779836177825928
704,70.91342163085938,252.8226776123047,172.51060485839844,6.743155479431152
705,73.69230651855469,241.11563110351562,145.3009490966797,6.826071739196777
706,72.36634826660156,235.27426147460938,143.89634704589844,6.804497241973877
707,75.39054107666016,254.8358917236328,150.34957885742188,6.89533805847168
708,72.12975311279297,258.6667785644531,168.67617797851562,6.792811870574951
709,69.89820098876953,222.18226623535156,140.12196350097656,6.725734710693359
710,70.24178314208984,223.70889282226562,139.56658935546875,6.738663673400879
711,77.28360748291016,263.3622131347656,156.20753479003906,6.9782023429870605
712,72.44285583496094,251.30648803710938,160.80145263671875,6.775862693786621
713,72.45266723632812,249.7718048095703,160.73924255371094,6.7476806640625
714,72.51721954345703,259.2676696777344,171.69830322265625,6.850122451782227
715,77.48664855957031,271.46649169921875,158.59165954589844,6.987247943878174
716,60.38743209838867,210.42413330078125,185.36849975585938,6.4585466384887695
717,63.960941314697266,216.72300720214844,168.72235107421875,6.727290153503418
718,61.937007904052734,206.7413330078125,170.9462890625,6.6613688468933105
719,62.874332427978516,193.5230712890625,157.14462280273438,6.778015613555908
720,63.21755599975586,213.9212646484375,190.77406311035156,6.7781243324279785
721,66.39825439453125,209.3869171142578,173.76925659179688,6.773327350616455
722,64.4123764038086,218.20999145507812,165.09286499023438,6.696171283721924
723,69.49533081054688,312.3581848144531,196.37062072753906,6.555764198303223
724,63.43320846557617,218.38726806640625,182.0449676513672,6.652172565460205
725,68.9146728515625,236.7028045654297,168.40762329101562,6.681432723999023
726,67.05835723876953,247.1418914794922,173.7291259765625,6.753803253173828
727,65.11314392089844,221.27093505859375,173.48194885253906,6.80629825592041
728,74.23958587646484,286.81439208984375,174.0424041748047,6.8295793533325195
729,64.74745178222656,213.2306671142578,170.80413818359375,6.823065280914307
730,64.61383056640625,224.88485717773438,165.32371520996094,6.656387805938721
731,61.62514877319336,217.48280334472656,182.1790313720703,6.626356601715088
732,71.06505584716797,278.04876708984375,185.94090270996094,6.837137222290039
733,62.20978546142578,223.68577575683594,188.47726440429688,6.519546985626221
734,72.30928802490234,260.35772705078125,180.10134887695312,6.813338756561279
735,71.52898406982422,265.7840270996094,160.09249877929688,6.7608747482299805
736,64.83817291259766,211.40834045410156,176.45358276367188,6.768077373504639
737,78.46269226074219,306.85003662109375,178.49095153808594,6.943857192993164
738,62.37955856323242,208.61624145507812,167.35272216796875,6.627816200256348
739,64.83935546875,199.2246551513672,166.9438934326172,6.7438645362854
740,68.7712631225586,235.04039001464844,177.06976318359375,6.9371466636657715
741,64.71573638916016,221.38710021972656,172.54331970214844,6.637922286987305
742,67.71023559570312,241.11160278320312,176.3749542236328,6.614389896392822
743,63.6613883972168,193.2540740966797,164.28848266601562,6.736349105834961
744,65.31783294677734,208.43788146972656,163.0457763671875,6.701992034912109
745,68.60772705078125,218.82015991210938,144.7683563232422,6.6847405433654785
746,63.828975677490234,208.8125457763672,165.0167236328125,6.658703804016113
747,75.64811706542969,281.6264953613281,176.02911376953125,6.765540599822998
748,67.75971984863281,211.93251037597656,163.11439514160156,6.734003067016602
749,66.83563232421875,242.03858947753906,201.57284545898438,6.556530475616455
750,61.4965934753418,207.97482299804688,174.75885009765625,6.619032382965088
751,61.861244201660156,190.51304626464844,168.1506805419922,6.635695934295654
752,73.24080657958984,246.2165985107422,156.5589141845703,6.903589248657227
753,66.0580062866211,201.88076782226562,149.95953369140625,6.665722846984863
754,68.6947021484375,241.4713592529297,173.25094604492188,6.713691711425781
755,67.01618957519531,219.99493408203125,181.86175537109375,6.820903778076172
756,68.56681823730469,245.4071807861328,182.0607452392578,6.826545715332031
757,65.95159149169922,210.1357421875,177.61962890625,6.76665735244751
758,60.77139663696289,189.99232482910156,156.6825714111328,6.606845378875732
759,65.36566925048828,222.56423950195312,165.91319274902344,6.609569072723389
760,66.59964752197266,209.4541778564453,151.2819061279297,6.828293323516846
761,65.55036163330078,212.4703369140625,165.54705810546875,6.780025482177734
762,71.65035247802734,285.8785400390625,186.21633911132812,6.774856090545654
763,64.29412841796875,216.76577758789062,174.1742401123047,6.693850040435791
764,70.57572937011719,262.27960205078125,183.98495483398438,6.732498645782471
765,64.68569946289062,222.78416442871094,178.5089874267578,6.640268802642822
766,62.459964752197266,218.5557403564453,177.9757537841797,6.610159397125244
767,63.761600494384766,240.8494873046875,179.92431640625,6.590012073516846
768,67.9212417602539,268.723876953125,184.77410888671875,6.661860942840576
769,64.61458587646484,217.7943572998047,169.68807983398438,6.815997123718262
770,76.08121490478516,380.8550109863281,210.94569396972656,6.530904293060303
771,62.955989837646484,206.91207885742188,161.36424255371094,6.7166242599487305
772,68.14217376708984,292.4395751953125,194.45220947265625,6.453139305114746
773,67.22408294677734,262.15509033203125,187.36294555664062,6.788129806518555
774,61.5413932800293,205.8393096923828,181.09097290039062,6.722261428833008
775,74.01359558105469,264.23284912109375,167.5482940673828,6.861810207366943
776,67.0150375366211,255.24169921875,186.32839965820312,6.727363109588623
777,62.07884216308594,200.1126708984375,162.08966064453125,6.522480487823486
778,62.67162322998047,189.93255615234375,152.3345489501953,6.72685432434082
779,70.00629425048828,229.5526123046875,162.8977508544922,6.933596134185791
780,73.01271057128906,228.90431213378906,158.11370849609375,6.974554061889648
781,63.69978332519531,221.06573486328125,169.38870239257812,6.6547532081604
782,59.269447326660156,189.61648559570312,165.85443115234375,6.463191986083984
783,65.67866516113281,201.21739196777344,146.38314819335938,6.7423624992370605
784,70.63568115234375,241.3765869140625,176.25148010253906,6.828588962554932
785,74.41754913330078,334.4864196777344,230.5957489013672,6.379785537719727
786,66.11329650878906,243.46546936035156,183.29385375976562,6.5497565269470215
787,61.25684356689453,182.34263610839844,168.3335723876953,6.673836708068848
788,67.6739730834961,246.59292602539062,172.82601928710938,6.858482837677002
789,73.60446166992188,265.3039855957031,177.01943969726562,6.851356506347656
790,65.33563232421875,205.4981231689453,153.27769470214844,6.680236339569092
791,60.39266586303711,190.18287658691406,156.4596405029297,6.643700122833252
792,58.2987174987793,174.7093963623047,151.6790008544922,6.561659336090088
793,57.67241287231445,201.44210815429688,178.14169311523438,6.3315935134887695
794,66.87545013427734,199.99557495117188,144.6947021484375,6.827206611633301
795,62.31575012207031,185.6783905029297,154.3107452392578,6.739959239959717
796,64.7724609375,325.1779479980469,210.71043395996094,6.171743869781494
797,62.224937438964844,282.9312438964844,207.923828125,6.307116985321045
798,82.951904296875,360.4396057128906,201.0284423828125,6.96370267868042
799,71.42670440673828,299.7179260253906,194.4001922607422,6.781714916229248
800,70.80201721191406,299.2514953613281,205.23333740234375,6.828673362731934
801,69.17900085449219,267.7582092285156,192.62754821777344,6.885397911071777
802,65.43413543701172,259.21533203125,197.48338317871094,6.794399261474609
803,64.03350067138672,254.40284729003906,192.5769500732422,6.516806602478027
804,69.01641845703125,273.1268005371094,196.30105590820312,6.836531639099121
805,64.61578369140625,232.06161499023438,188.07664489746094,6.761286735534668
806,66.74285125732422,234.5020751953125,174.05836486816406,6.897038459777832
807,65.41844177246094,227.0754852294922,171.2119903564453,6.845821380615234
808,71.68342590332031,256.8611755371094,167.41351318359375,6.877586364746094
809,74.70348358154297,262.8144226074219,165.13223266601562,6.995296001434326
810,63.0250358581543,196.50299072265625,178.86911010742188,6.810457229614258
811,63.5165901184082,211.3712921142578,174.34991455078125,6.652009963989258
812,67.31362915039062,220.72076416015625,165.82420349121094,6.817385196685791
813,65.4123764038086,231.34487915039062,180.95643615722656,6.839021682739258
814,67.66262817382812,222.0193634033203,164.25741577148438,6.791236877441406
815,69.05203247070312,221.54954528808594,160.3046417236328,6.854893684387207
816,69.69976806640625,231.3208465576172,164.99600219726562,6.978648662567139
817,68.9590835571289,227.8461456298828,163.42291259765625,6.915736198425293
818,70.14456176757812,237.0814666748047,165.71116638183594,6.924490451812744
819,70.89503479003906,236.61318969726562,164.99085998535156,6.93512487411499
820,77.30143737792969,259.44281005859375,152.8530731201172,7.098578929901123
821,77.07471466064453,255.77272033691406,151.02967834472656,7.098923206329346
822,69.82093811035156,228.01806640625,163.0091552734375,6.845043182373047
823,77.78826141357422,263.28863525390625,152.515380859375,7.106716156005859
824,76.55767059326172,259.5655822753906,153.97750854492188,7.092761516571045
825,66.44698333740234,219.47970581054688,153.7055206298828,6.75114631652832
826,63.37411880493164,196.56187438964844,153.0178680419922,6.762089729309082
827,65.092529296875,198.7465362548828,145.18328857421875,6.8545050621032715
828,61.82731628417969,196.78443908691406,157.07383728027344,6.616257667541504
829,61.64155197143555,223.55044555664062,180.5360565185547,6.501360893249512
830,65.71497344970703,278.51300048828125,196.6512451171875,6.389407634735107
831,65.0235366821289,258.9376525878906,193.49942016601562,6.507137298583984
832,63.537593841552734,283.35662841796875,218.8095703125,6.066415309906006
833,64.413818359375,223.29966735839844,173.47572326660156,6.679999351501465
834,63.36716842651367,198.23899841308594,170.55380249023438,6.731921195983887
835,62.38694763183594,202.0727081298828,162.47549438476562,6.683347702026367
836,63.60000228881836,204.06961059570312,175.07894897460938,6.783603668212891
837,61.554019927978516,196.18539428710938,155.2986602783203,6.649899005889893
838,65.12294006347656,186.27044677734375,153.7689666748047,6.851643085479736
839,64.1952133178711,212.35739135742188,191.33824157714844,6.497568607330322
840,64.85249328613281,211.19297790527344,186.5448760986328,6.531674385070801
841,81.81532287597656,293.74383544921875,175.01206970214844,6.931950092315674
842,59.732032775878906,203.57415771484375,179.55352783203125,6.439303398132324
843,62.47300338745117,208.2036895751953,162.6880340576172,6.642514228820801
844,60.79631805419922,173.4431915283203,152.79359436035156,6.664493083953857
845,63.05937194824219,203.9364471435547,162.4691619873047,6.639914512634277
846,64.14967346191406,210.8350830078125,165.37423706054688,6.682581901550293
847,62.864967346191406,226.86029052734375,176.46925354003906,6.654568672180176
848,64.13152313232422,216.43270874023438,163.65402221679688,6.731326103210449
849,62.15754699707031,201.75872802734375,161.35610961914062,6.64910364151001
850,60.98637771606445,197.9947967529297,162.4397430419922,6.536322593688965
851,61.96175765991211,195.12823486328125,169.05946350097656,6.6623854637146
852,66.0732192993164,261.8819580078125,184.13174438476562,6.57042121887207
853,66.03012084960938,230.25103759765625,174.88967895507812,6.644500732421875
854,64.5068130493164,235.21603393554688,179.02969360351562,6.483128070831299
855,67.876220703125,217.7156524658203,159.24024963378906,6.848227500915527
856,66.96204376220703,212.6276092529297,161.45896911621094,6.852153778076172
857,65.82652282714844,205.28831481933594,155.572998046875,6.7935967445373535
858,66.67184448242188,299.0766296386719,198.61782836914062,6.501374244689941
859,89.08026885986328,374.38409423828125,195.09210205078125,7.076089859008789
860,67.71620178222656,212.23643493652344,153.25868225097656,6.826388359069824
861,63.913536071777344,194.0799102783203,150.5731964111328,6.7822794914245605
862,66.06857299804688,211.5122833251953,162.7125701904297,6.831874370574951
863,66.1550521850586,202.27279663085938,149.31312561035156,6.797119140625
864,63.9078369140625,194.22360229492188,151.1468505859375,6.7375335693359375
865,67.59675598144531,223.02120971679688,160.6410675048828,6.848206520080566
866,66.45384216308594,207.57228088378906,155.85195922851562,6.829159259796143
867,64.81340789794922,201.0504150390625,151.6766357421875,6.7395920753479
868,76.6795425415039,297.3680725097656,186.69219970703125,6.941009521484375
869,64.66866302490234,201.9657440185547,153.0244140625,6.754958629608154
870,68.78193664550781,213.15780639648438,147.03883361816406,6.900197982788086
871,64.0002670288086,196.70469665527344,153.56637573242188,6.750751495361328
872,65.55850219726562,195.86141967773438,169.0293731689453,6.785717487335205
873,64.57720184326172,203.70204162597656,155.24549865722656,6.749696731567383
874,66.87358093261719,209.313232421875,151.9130401611328,6.769321918487549
875,63.16304016113281,193.40640258789062,150.48306274414062,6.7289628982543945
876,67.53641510009766,212.25808715820312,153.9411163330078,6.79814338684082
877,70.27774047851562,246.82015991210938,182.73703002929688,6.787562847137451
878,71.29319763183594,230.4034881591797,152.50242614746094,6.961156845092773
879,75.35619354248047,309.6539001464844,189.99270629882812,6.783273696899414
880,62.19202423095703,230.47943115234375,179.7447967529297,6.614696979522705
881,66.26903533935547,264.12554931640625,194.90904235839844,6.823513031005859
882,64.39724731445312,245.2880859375,187.63279724121094,6.766143321990967
883,63.1140251159668,234.861572265625,184.5690460205078,6.618654251098633
884,64.826904296875,230.4115753173828,182.16802978515625,6.76212215423584
885,63.976871490478516,219.5802764892578,182.16725158691406,6.703729152679443
886,76.97471618652344,298.83587646484375,195.88597106933594,6.91987943649292
887,76.09807586669922,323.6195068359375,185.816650390625,6.803318500518799
888,64.95115661621094,288.3317565917969,196.87782287597656,6.422484874725342
889,74.15553283691406,313.2262268066406,180.34283447265625,6.714301109313965
890,68.72676086425781,225.58860778808594,171.1378631591797,6.808704853057861
891,63.133384704589844,241.14498901367188,182.42330932617188,6.459249973297119
892,73.35311126708984,268.43878173828125,173.89268493652344,6.887269020080566
893,68.36180877685547,233.18177795410156,164.6034393310547,6.588038921356201
894,67.08307647705078,229.27198791503906,160.76600646972656,6.740664005279541
895,63.92348098754883,231.31394958496094,185.69253540039062,6.529061317443848
896,69.02076721191406,218.8282928466797,157.6494903564453,6.787321090698242
897,64.312255859375,187.35682678222656,150.73558044433594,6.818295001983643
898,64.60822296142578,211.335693359375,184.18338012695312,6.489519119262695
899,63.471717834472656,191.75967407226562,149.2789306640625,6.611700534820557
900,65.85791778564453,215.51824951171875,151.62246704101562,6.772613525390625
901,62.814476013183594,193.40003967285156,151.0966339111328,6.768843650817871
902,65.41158294677734,204.53216552734375,152.1262664794922,6.827940464019775
903,57.77860641479492,171.48768615722656,156.21397399902344,6.5237836837768555
904,61.76246643066406,203.45098876953125,161.1097412109375,6.679494380950928
905,67.18904113769531,218.88949584960938,155.91598510742188,6.8273162841796875
906,74.63492584228516,241.796142578125,147.650390625,7.077211856842041
907,75.3555679321289,244.25613403320312,148.19573974609375,7.068520545959473
908,73.8250732421875,243.26486206054688,155.9065399169922,7.054164886474609
909,74.79279327392578,247.91293334960938,150.6849365234375,7.056768894195557
910,76.16455078125,253.49659729003906,150.92066955566406,7.081053733825684
911,74.95848083496094,249.5762939453125,150.49746704101562,7.065929412841797
912,75.92627716064453,247.52442932128906,149.2803497314453,7.061656951904297
913,61.53524398803711,194.70718383789062,166.56082153320312,6.722832202911377
914,65.69316864013672,197.7282257080078,153.10037231445312,6.7757062911987305
915,72.41678619384766,232.48594665527344,149.18385314941406,7.024406433105469
916,76.77094268798828,261.701416015625,153.49794006347656,7.086082935333252
917,75.51569366455078,249.3606719970703,152.9949951171875,7.059065341949463
918,76.15189361572266,254.87130737304688,152.81590270996094,7.0833539962768555
919,75.0685043334961,251.54290771484375,151.72140502929688,7.053893566131592
920,76.47341918945312,255.749755859375,152.58050537109375,7.08145809173584
921,64.60313415527344,203.1715087890625,155.70762634277344,6.79665470123291
922,66.99742126464844,210.25360107421875,147.3255157470703,6.859401702880859
923,60.38243103027344,191.0636749267578,156.46189880371094,6.681450843811035
924,64.05612182617188,208.36566162109375,171.12266540527344,6.702609539031982
925,74.26825714111328,243.60244750976562,152.8227996826172,6.971985340118408
926,61.36995315551758,217.8972625732422,173.8497314453125,6.6024556159973145
927,59.66374588012695,183.77377319335938,172.90847778320312,6.56149435043335
928,61.17250061035156,197.41802978515625,171.54293823242188,6.546756267547607
929,60.47051239013672,184.86317443847656,168.32691955566406,6.59539270401001
930,60.19352340698242,184.78912353515625,172.01437377929688,6.597964763641357
931,83.81324768066406,334.530517578125,180.20892333984375,6.977970123291016
932,65.45230102539062,230.95269775390625,175.86666870117188,6.776460647583008
933,62.81736755371094,208.66856384277344,177.81961059570312,6.585168838500977
934,62.79282760620117,205.4930877685547,167.69000244140625,6.680626392364502
935,64.2564468383789,216.310302734375,174.64027404785156,6.73750114440918
936,66.41622161865234,256.4207763671875,196.66270446777344,6.525258541107178
937,66.88021087646484,264.2101745605469,186.28842163085938,6.8351616859436035
938,70.24343872070312,257.3954162597656,180.43931579589844,6.853902816772461
939,65.11115264892578,218.18565368652344,170.83497619628906,6.761086940765381
940,67.08723449707031,243.2949676513672,175.80540466308594,6.607957363128662
941,61.981204986572266,221.31951904296875,184.10655212402344,6.758687973022461
942,63.29322052001953,221.30857849121094,181.1444549560547,6.686726093292236
943,61.6075553894043,222.95538330078125,187.10340881347656,6.719249248504639
944,64.07041931152344,212.70083618164062,176.22711181640625,6.7116312980651855
945,62.46751022338867,211.4251708984375,175.4184112548828,6.605118274688721
946,63.8797721862793,212.67794799804688,166.6316375732422,6.682697296142578
947,64.50570678710938,215.68597412109375,157.4310302734375,6.769157886505127
948,75.2813949584961,261.8604431152344,160.73822021484375,7.053571701049805
949,77.17687225341797,265.8026428222656,159.80982971191406,7.11536979675293
950,76.83566284179688,265.5574035644531,155.94424438476562,7.077630996704102
951,76.20065307617188,266.788818359375,159.85679626464844,7.059206485748291
952,68.41062927246094,250.33584594726562,166.95803833007812,6.7890095710754395
953,67.2410659790039,211.70114135742188,158.1643524169922,6.83654260635376
954,67.59215545654297,224.67349243164062,154.91307067871094,6.948148250579834
955,67.23767852783203,219.995849609375,158.89285278320312,6.94610595703125
956,60.96146774291992,208.6219024658203,177.29476928710938,6.680515289306641
957,64.2951889038086,245.06813049316406,191.4034423828125,6.736093044281006
958,58.88313674926758,186.5117645263672,177.58876037597656,6.460406303405762
959,63.375572204589844,222.874267578125,184.48057556152344,6.802661418914795
960,65.94252014160156,294.7816467285156,207.83969116210938,6.476124286651611
961,66.26591491699219,241.57278442382812,166.73207092285156,6.649801254272461
962,62.521121978759766,220.74375915527344,184.52047729492188,6.766961574554443
963,64.00543212890625,210.9111328125,161.27561950683594,6.794559001922607
964,62.943603515625,201.0933837890625,166.91685485839844,6.806607723236084
965,65.29067993164062,204.17556762695312,161.78440856933594,6.775049209594727
966,61.663875579833984,194.59585571289062,166.89698791503906,6.618149757385254
967,67.0791015625,218.54954528808594,162.9965057373047,6.792425632476807
968,66.3357162475586,222.00286865234375,164.30294799804688,6.8360700607299805
969,67.47496032714844,298.8369445800781,205.29196166992188,6.354419231414795
970,62.87308120727539,219.2549285888672,170.13258361816406,6.693436145782471
971,66.13792419433594,220.04612731933594,166.96897888183594,6.760113716125488
972,66.26183319091797,218.8973846435547,162.6972198486328,6.8179426193237305
973,63.021053314208984,198.8561553955078,159.1585693359375,6.622671604156494
974,67.39276123046875,226.94943237304688,167.4827423095703,6.798955917358398
975,68.22002410888672,233.20712280273438,169.5803680419922,6.838691711425781
976,66.24427032470703,219.0299072265625,163.1023406982422,6.6940813064575195
977,68.71138763427734,227.7244873046875,162.7044219970703,6.839935302734375
978,60.948917388916016,189.7960662841797,167.98976135253906,6.564635753631592
979,64.1976547241211,200.77891540527344,164.99729919433594,6.756635665893555
980,61.610313415527344,189.77716064453125,155.2288818359375,6.59345817565918
981,71.55221557617188,295.1402282714844,205.95587158203125,6.535881519317627
982,60.64154815673828,175.78427124023438,151.7652587890625,6.7260823249816895
983,64.40480041503906,227.38412475585938,171.28431701660156,6.792041778564453
984,69.33489227294922,283.14044189453125,190.20260620117188,6.598665237426758
985,62.51050567626953,199.7178192138672,163.9052734375,6.781141757965088
986,60.65205383300781,181.5806427001953,155.58798217773438,6.685486316680908
987,59.72391891479492,181.95098876953125,162.95458984375,6.609169960021973
988,59.7990837097168,186.8834991455078,170.10311889648438,6.587527275085449
989,60.032875061035156,188.57957458496094,164.23403930664062,6.577635765075684
990,59.27375793457031,196.18870544433594,173.42373657226562,6.520049571990967
991,58.74071502685547,177.80587768554688,166.15794372558594,6.550247669219971
992,57.62324523925781,169.05169677734375,159.8031463623047,6.52891731262207
993,58.07563400268555,169.0664825439453,156.052490234375,6.563751697540283
994,57.995506286621094,171.05711364746094,160.30242919921875,6.5462751388549805
995,58.569183349609375,172.5638427734375,158.08328247070312,6.569642543792725
996,58.1543083190918,176.03521728515625,164.53549194335938,6.513558864593506
997,59.099674224853516,200.90023803710938,172.56298828125,6.480893135070801
998,60.8940544128418,204.63906860351562,172.91392517089844,6.542703151702881
999,57.948394775390625,171.17933654785156,161.966552734375,6.525737762451172
1000,58.840126037597656,181.0081024169922,166.39279174804688,6.556046962738037
1001,58.09882354736328,170.6238555908203,156.48243713378906,6.559939384460449
1002,77.49688720703125,331.0506896972656,199.9342041015625,6.755359649658203
1003,58.69818878173828,184.08921813964844,168.30233764648438,6.574540615081787
1004,59.41436767578125,195.0111083984375,173.40664672851562,6.53680419921875
1005,59.083473205566406,184.1108856201172,169.85546875,6.561565399169922
1006,62.574581146240234,188.92520141601562,159.0760498046875,6.716332912445068
1007,58.95466232299805,196.32164001464844,173.0928497314453,6.496056079864502
1008,58.77751541137695,175.4727783203125,165.68511962890625,6.574719429016113
1009,76.67154693603516,310.3985290527344,181.94898986816406,6.764573574066162
1010,58.012874603271484,172.81895446777344,162.01393127441406,6.570247650146484
1011,66.06861877441406,191.46853637695312,159.5039520263672,6.858316898345947
1012,66.810302734375,242.38674926757812,164.3690948486328,6.649738311767578
1013,67.5361099243164,248.2029571533203,172.29364013671875,6.690025329589844
1014,60.615543365478516,215.0712127685547,186.7556610107422,6.35825252532959
1015,62.35585021972656,226.22634887695312,171.5170440673828,6.557292461395264
1016,70.18294525146484,231.08676147460938,152.1658935546875,7.000988483428955
1017,65.59461975097656,223.16270446777344,166.2780303955078,6.792219161987305
1018,65.31490325927734,232.8623809814453,180.68336486816406,6.666616916656494
1019,61.83086395263672,185.68881225585938,144.82635498046875,6.704134464263916
1020,58.092830657958984,171.5988006591797,151.06430053710938,6.53266716003418
1021,64.18964385986328,231.45941162109375,172.70950317382812,6.708635330200195
1022,64.20564270019531,194.35537719726562,147.99957275390625,6.744572162628174
1023,82.28939056396484,311.338623046875,167.04345703125,7.087716579437256
1024,61.82661819458008,203.5570526123047,159.5923309326172,6.60801887512207
1025,67.53819274902344,263.3623962402344,179.72637939453125,6.717422008514404
1026,69.63109588623047,240.27215576171875,161.9873046875,6.709098815917969
1027,76.83081817626953,295.32122802734375,180.25367736816406,6.8754167556762695
1028,67.9780044555664,249.0679931640625,173.06199645996094,6.69846773147583
1029,67.85588073730469,255.76040649414062,175.34259033203125,6.856565475463867
1030,64.50901794433594,226.2769012451172,170.36715698242188,6.644096374511719
1031,66.63483428955078,219.663818359375,162.5785675048828,6.814828872680664
1032,70.31568145751953,253.9273223876953,162.99969482421875,6.766358375549316
1033,64.92613983154297,223.87301635742188,168.27963256835938,6.671897888183594
1034,68.18443298339844,219.46177673339844,163.1896209716797,6.770900249481201
1035,66.03330993652344,214.262451171875,151.14002990722656,6.718882083892822
1036,63.81587600708008,206.0951690673828,164.07244873046875,6.715156555175781
1037,73.57614135742188,298.8497619628906,195.93031311035156,6.477884769439697
1038,63.49879837036133,212.57110595703125,168.2367706298828,6.727303981781006
1039,67.33475494384766,222.30291748046875,160.88400268554688,6.861010551452637
1040,58.57680130004883,172.7056427001953,162.92372131347656,6.568268775939941
1041,58.96512985229492,188.75762939453125,174.5242156982422,6.394595146179199
1042,63.664180755615234,203.47625732421875,166.62632751464844,6.636850357055664
1043,67.88130187988281,219.28652954101562,163.37681579589844,6.852254867553711
1044,58.585140228271484,165.33627319335938,150.33509826660156,6.607853889465332
1045,54.603519439697266,164.56703186035156,163.25460815429688,6.017767906188965
1046,64.32323455810547,187.41009521484375,154.2073516845703,6.825450420379639
1047,62.40302276611328,181.42526245117188,155.04229736328125,6.726009368896484
1048,63.073143005371094,181.29098510742188,153.70579528808594,6.793333053588867
1049,69.69508361816406,223.73403930664062,149.73240661621094,6.822875022888184
1050,63.57048034667969,183.50633239746094,151.89833068847656,6.79703426361084
1051,61.966209411621094,179.33363342285156,154.015380859375,6.730218410491943
1052,64.73646545410156,212.84149169921875,158.981201171875,6.750200271606445
1053,62.3787727355957,205.75494384765625,171.26312255859375,6.586129665374756
1054,60.00522994995117,172.8709259033203,150.41297912597656,6.617980003356934
1055,65.21875,224.0475616455078,170.24623107910156,6.8078179359436035
1056,58.85128402709961,180.69439697265625,155.72531127929688,6.64292049407959
1057,63.33771514892578,189.54006958007812,145.4501953125,6.748333930969238
1058,68.74290466308594,221.02418518066406,148.03485107421875,6.9104156494140625
1059,59.114871978759766,171.03366088867188,153.0473175048828,6.604770183563232
1060,58.022640228271484,165.4268035888672,146.4182586669922,6.53204870223999
1061,70.83479309082031,233.050537109375,166.6345672607422,6.708817005157471
1062,68.73869323730469,336.90704345703125,197.01109313964844,6.560939788818359
1063,75.12248229980469,305.77166748046875,184.5742950439453,6.876283645629883
1064,64.85314178466797,215.44122314453125,164.97447204589844,6.714966297149658
1065,65.34278869628906,203.71749877929688,161.49142456054688,6.775802135467529
1066,66.40017700195312,232.9423370361328,181.8139190673828,6.841693878173828
1067,62.440101623535156,195.55862426757812,152.2206573486328,6.6134419441223145
1068,62.740478515625,193.31344604492188,157.02389526367188,6.684807300567627
1069,62.619667053222656,191.98431396484375,158.4555206298828,6.725764274597168
1070,64.3470230102539,224.9639434814453,178.7930908203125,6.790047645568848
1071,63.36819076538086,191.4402313232422,154.47988891601562,6.719298839569092
1072,61.66868209838867,187.61756896972656,157.1094207763672,6.67459774017334
1073,61.2171745300293,181.78919982910156,155.42262268066406,6.693831920623779
1074,63.378719329833984,191.00311279296875,152.34242248535156,6.694828510284424
1075,62.59114456176758,191.6150665283203,159.13575744628906,6.71444034576416
1076,65.58872985839844,216.49424743652344,165.642578125,6.7356767654418945
1077,64.48590087890625,200.089599609375,159.41162109375,6.734774112701416
1078,63.482086181640625,202.1629180908203,152.91830444335938,6.718545436859131
1079,64.97254943847656,203.42535400390625,157.62722778320312,6.743299961090088
1080,63.3861198425293,191.8817596435547,156.05133056640625,6.735046863555908
1081,60.51647186279297,196.77947998046875,170.1150665283203,6.609601020812988
1082,62.687744140625,185.96824645996094,153.4699249267578,6.700072288513184
1083,63.44279861450195,193.8470916748047,156.82000732421875,6.738060474395752
1084,72.36644744873047,271.1405029296875,167.1223602294922,6.896960735321045
1085,64.4705810546875,196.72572326660156,166.05166625976562,6.674298286437988
1086,67.81901550292969,249.95474243164062,172.85235595703125,6.729031562805176
1087,63.39132308959961,213.8540496826172,162.90199279785156,6.6295647621154785
1088,67.49263763427734,254.82212829589844,187.1794891357422,6.5964860916137695
1089,63.48069763183594,188.08087158203125,142.0849151611328,6.753115653991699
1090,71.96202850341797,244.101318359375,155.85780334472656,6.7425055503845215
1091,59.26741027832031,166.00363159179688,150.8960723876953,6.709202289581299
1092,61.08881759643555,190.72828674316406,163.056640625,6.541802406311035
1093,62.61519241333008,185.07479858398438,142.24533081054688,6.786318302154541
1094,62.39977264404297,197.256591796875,153.95164489746094,6.74979305267334
1095,63.82649612426758,189.14535522460938,141.82479858398438,6.784416675567627
1096,61.98005294799805,177.93988037109375,145.48826599121094,6.752261161804199
1097,63.85115051269531,189.20242309570312,136.3567657470703,6.747811794281006
1098,58.81725311279297,177.73634338378906,157.15109252929688,6.591031074523926
1099,64.03317260742188,190.56265258789062,139.1696014404297,6.744444847106934
1100,62.240882873535156,201.38294982910156,152.49525451660156,6.7195634841918945
1101,62.43001174926758,194.94529724121094,157.5961151123047,6.617600917816162
1102,65.4317398071289,195.281494140625,137.63217163085938,6.794846057891846
1103,60.8611946105957,187.13992309570312,155.76856994628906,6.689912796020508
1104,64.21277618408203,190.50436401367188,137.06455993652344,6.773455619812012
1105,64.33983612060547,212.8338165283203,176.09661865234375,6.651313781738281
1106,59.00947189331055,204.74868774414062,178.25389099121094,6.362222194671631
1107,59.99807357788086,197.42446899414062,174.48886108398438,6.573227882385254
1108,64.8212661743164,204.96719360351562,157.50094604492188,6.732676029205322
1109,63.97630310058594,219.34071350097656,165.29823303222656,6.78803014755249
1110,69.95035552978516,232.6746063232422,149.2167205810547,6.866091251373291
1111,61.35886764526367,197.65721130371094,162.4723358154297,6.653481960296631
1112,60.73263168334961,197.1083221435547,163.13302612304688,6.644464015960693
1113,67.00933074951172,220.78050231933594,158.4815216064453,6.838082790374756
1114,61.28820037841797,201.5885467529297,165.7606658935547,6.650535583496094
1115,60.73683547973633,177.64266967773438,160.02227783203125,6.637251853942871
1116,61.458499908447266,196.95399475097656,159.169921875,6.64547872543335
1117,63.827919006347656,200.76722717285156,146.6764373779297,6.75329065322876
1118,62.48942947387695,188.134765625,151.09080505371094,6.730522632598877
1119,63.141815185546875,189.9096221923828,148.51707458496094,6.741262435913086
1120,65.96358489990234,220.5026092529297,167.92526245117188,6.792790412902832
1121,63.9697151184082,189.3166046142578,148.25100708007812,6.78464937210083
1122,64.8216552734375,189.3756561279297,144.91445922851562,6.739651679992676
1123,64.33602142333984,209.87217712402344,187.62132263183594,6.515652179718018
1124,66.34202575683594,229.6903076171875,170.70899963378906,6.751986026763916
1125,63.110755920410156,185.43212890625,147.80917358398438,6.7792744636535645
1126,65.15574645996094,193.9124298095703,144.74586486816406,6.775579929351807
1127,61.38896942138672,193.7967529296875,155.5165557861328,6.708575248718262
1128,63.46614456176758,186.9207763671875,147.03024291992188,6.779585361480713
1129,64.75082397460938,207.79396057128906,155.4097442626953,6.668906211853027
1130,59.915313720703125,175.18209838867188,140.0418701171875,6.581488609313965
1131,60.784122467041016,213.31224060058594,188.6356658935547,6.474055767059326
1132,60.87181091308594,211.31460571289062,187.5727081298828,6.477848052978516
1133,60.54287338256836,205.58482360839844,178.2689666748047,6.4453935623168945
1134,59.81829071044922,169.12210083007812,147.26486206054688,6.658307075500488
1135,66.27165985107422,197.10450744628906,156.67845153808594,6.7384562492370605
1136,61.0825309753418,173.0923309326172,154.55905151367188,6.7472310066223145
1137,59.886322021484375,178.32518005371094,162.80979919433594,6.549867630004883
1138,60.93975067138672,173.13551330566406,155.5804901123047,6.747485160827637
1139,76.15969848632812,299.783935546875,195.55970764160156,6.462101459503174
1140,61.28519058227539,173.89376831054688,155.8308563232422,6.763874053955078
1141,59.11372756958008,164.9005889892578,150.49769592285156,6.733278751373291
1142,61.038814544677734,179.32577514648438,164.5076904296875,6.591610908508301
1143,61.13399124145508,178.78041076660156,163.16598510742188,6.6041646003723145
1144,60.6002311706543,173.29415893554688,156.82154846191406,6.708689212799072
1145,65.79617309570312,188.451904296875,155.42539978027344,6.810988426208496
1146,68.97904205322266,228.68324279785156,169.33509826660156,6.876681804656982
1147,65.74239349365234,214.627197265625,154.310546875,6.724874973297119
1148,79.30274963378906,355.2591552734375,215.03274536132812,6.536906719207764
1149,62.93996810913086,181.07354736328125,156.7556610107422,6.829066753387451
1150,63.825435638427734,183.9767303466797,152.50277709960938,6.818032741546631
1151,70.25689697265625,242.27398681640625,172.8249969482422,6.9135589599609375
1152,60.31856918334961,193.83665466308594,176.91989135742188,6.5040154457092285
1153,68.75199890136719,234.88848876953125,172.05039978027344,6.741272926330566
